math-money, pass
simple-browser-require, fail
jroad, fail
modulojs-conf, fail
flurry, fail
configify, fail
foonyah-smtpmailsender-mail, fail
tweakable, pass
kutter, fail
webfaction-api, fail
language-map, pass
imagerequest, fail
tree, pass
coffeenode-suspend, pass
messages, pass
csv-iterator, fail
tldjs, pass
grunt-cbr-styles-bundles, fail (all grunt plugins fail)
decisions, fail
steam-server-status, fail
sql-injection, fail (all express plugins fail)
knockoutify, pass
swaggerfy, pass
http3xx, fail
fuzzy_file_finder, fail
rx.node.watch, fail
wordwrap, pass
center, pass
goatee-script, pass
grunt-qunit-notifier, fail
random-stream, pass
gaia-config, fail
drbd, fail
maggregate, fail
oranch-client, fail
EVE, pass
d3-arrays, pass
quick-sort, pass
grunt-remove-patterns, fail
cjs2web, fail
rosnodejs, fail
jst_compiler, fail
aconit, pass
corriera, pass
jsqrcode, fail
tag-helper, pass
jadeite, pass
replacer, pass
hog-descriptor, fail
moment-twitter, pass
route-middleware, fail
stylish, fail
express-validation, fail
grunt-contrib-build-crx, fail
less-toolkit, fail
component-dev-build, fail
assertmessage, pass
mhl-buoy-data, fail
easyip, fail
starbound-assets
rtc-videoproc
vtt.js
timethis
cashe
cartograph
decmdify
titlecaps
data-driven
smush-components
jsontry
simplesets
utf8-bytes
humanize-short-month
cjs-transform
fnoed
nucleus-js
html2bemjson
flask-router-plus
swoop
feedlistener
browser-log
tail-array
ack-types
srcds-rcon
twitter-rest
element-value
gfm-table
d3-rebind
gulp-absolute
brickworker
cytoscape
docparse-upload-create
str_replace
github-js
flood-scan
email-validator
grunt-shopify-theme
easy-grunt
featured
relaychum
node-bitmap
sic
noses
keypather
afflux-logger
standard-analytics-terms
png-word
restartable
index-of-js
js-delegate
classify
mixdown-json
dir-stream
listening
grunt-restful
array-matrix
uber-cache
proxy-middleware
active_record
boxpacking
lymph-test-client
exceptions
irc-replies
database-cleaner
streaming-s3
yoylr4393478493
cakemail-api-wrapper
formage-mongoose-types
params-validate
patch-as
mixism
rdb-cursor-stream
languagemodel
collide-3d-tilemap
is-url-to-anchor
metalsmith-fingerprint
config-validator
memcachejs
iterator.js
git-parse-human
css.escape
lmbd
virus
embr-presets
fsutil
package-parser
mydb-reconnect
grunt-homemade
dna2json
kir-colors-project
grunt-extendscript
underverse
assert-responselike
pathological
jtsys
gleeman-express-renderargs
listen-spawn
firefly-redis-session
js-lookup
five-px
sike
hxp
billy
nconvert
plugz
voxel-chest
token-scope
zpipe-native
versionator
idp-github
manifiesta
qs-objects
json-schema-orm
grunt-kissy-xtemplate
rid
xavi-client
moment.twitter
http-params
manip
serverdom
level-places
co-express
involve
uk-clear-addressing
defer.js
sidestep
versionatorq
glslify-stream
octoqueue
simple-async
thumper
Domai.nr
drachtio-redis
lodash.pluck
node-jvm
csscomb
connect-fonts-ubuntucondensed
node-hive
level-user
gameboy
johnnys-node-static
mozilla-treeherder
naics-2012
xhr-progress
jsdecimal
javascript-tokenizer
firepoll
riak-catbox
ngrep
two-step
node-pac12
ndresize
node-nbt
di-modules
vitals
mailjs
ascii-math
engine-sniff
alists
phnq_core
jsmin
keycode
base12
curate
ab-tool
nginx-config
socket-retry-connect
strict-mode
websocket-rpc-stream
over
epubstream
startpackage
geddy-hotswapper
tween.js
ux-lexer
karma-must
clone-stats
polyclay-cassandra-cql
io-channel
gulp-import
cwrite
risposta
cs2
ntime
subordinate
jsoni
assemble-contrib-wordcount
gulp-plumber
simpleinvoke
redis-identity
grunt-jsxgettext
docfragify
passport-heroku-sso
polyline
climatecounts
nodemiral-logger
object-utils
diffbug
nhapi
karma-telemetry
cloudflare
mypackage_steven
airjs
bloody-events
githash
ejsinbrowser
mikenchin-routes
jsoni
to_s
version-compatibility
fis-parser-bdtmpl-chassis
jsonpject
scroll-position
object-is
comun
simple-scuttle
sprinkle
voxel-sky
hash-dir-contents
broccoli-autoprefixer
bunny
titanium-resolve
style
dynargs
at
circularclone
treadmill
ftrace
derby-lang-fs
d3-browserify
apostrophe-moderator
lift
icecast
tiny-logger
es5-class
strider-qunit
envbang-node
junction-stream
scriptex
redis-dirty-hash
mktemp
dbdeploy
grunt-json-replace
ducky
mimosa-inline-css-import
swig-marked
crazy-ps
gaddag.js
ride
continuum.js
anvil.start
cryptonite
google-places-textsearch
minstache
rude
bodhi-store
has-cors
git-lite
titan-config
jsonreq
https-browserify-ws
applescript
throttle-event
gwm-dev-server
docit
compute-cluster
basically
tart-stream-adapter
connect-oauth-github
tryit
grunt-css-parse
robust-orientation
way
clock
ngn-idk-mail
restify-url-version
json-typping
circl
gulp-rm
fingerprintjs
bitfield
varint
fibonacci-heap
anvil.phantom
rfileify
rfc-csv
dateformatjs
indexer
node-schema-object
bower-requirejs
flatten
statsd-influxdb-backend
enigma
puerh
mocha-as-promised
whmcs
test-github-example
d-before-unload
originate-ember
axon-priority
xlrd-parser
lie-rfold
url-helper
predict
lodash.rest
vague-time
understand
protocol-kit
namecoin
then-array
diso.view
chromic
allen
afflux-listener
password-strength
anachronize
insert-coin
stepdown
element-builder
find-file-sync
node-query
node-model-demo
winssh
swig-extras
steam-factory
datarev-rethinkdb
iffi
query-stream
scream-buf-cat
combs
resolved
sl-mq
get-post
emma
double-cycle
dynamic-dedupe
gquery
ywait
git-fs-html5
kruskal